file,mean,std,min,max,brightness,contrast,height,width,frames
data/processed/clips/02e845ed7f793bb7.npz,101.05820323572136,62.82549864683657,0.0,255.0,101.05820323572136,62.82549864683657,224,224,60
data/processed/clips/69eaf85afebf6f55.npz,112.58727966446996,28.302744684554963,0.0,255.0,112.58727966446996,28.302744684554963,224,224,60
data/processed/clips/fa6a074908402ae7.npz,81.8071852634283,82.56048906854659,0.0,253.0,81.8071852634283,82.56048906854659,224,224,60
data/processed/clips/8cdaeb5562ab2409.npz,134.69573512347648,36.122889814480025,3.0,255.0,134.69573512347648,36.122889814480025,224,224,60
data/processed/clips/dfa8bc85dd10b7c5.npz,71.34293154761905,83.04043768164428,0.0,255.0,71.34293154761905,83.04043768164428,224,224,60
data/processed/clips/52388eb958547a5e.npz,96.22898364423895,31.34135718307613,0.0,255.0,96.22898364423895,31.34135718307613,224,224,60
data/processed/clips/d6861ddbd7e830cc.npz,81.389523986678,83.06102964369234,0.0,255.0,81.389523986678,83.06102964369234,224,224,60
data/processed/clips/3b54fa71866f0b58.npz,128.60986837443312,50.83517562159098,0.0,255.0,128.60986837443312,50.83517562159098,224,224,60
data/processed/clips/618aad9e38956ef2.npz,128.6161471619898,50.839736134164035,0.0,255.0,128.6161471619898,50.839736134164035,224,224,60
data/processed/clips/1d0593876cb29270.npz,84.61433742116638,82.63232402877227,0.0,254.0,84.61433742116638,82.63232402877227,224,224,60
data/processed/clips/ffae8d292a4ac7c4.npz,104.98612528344671,34.59392987638333,11.0,255.0,104.98612528344671,34.59392987638333,224,224,60
data/processed/clips/a3277675f034550b.npz,75.02403019150368,83.80162024789782,0.0,255.0,75.02403019150368,83.80162024789782,224,224,60
data/processed/clips/031ed0c9e5d5dab3.npz,64.6485832093254,37.88110757353319,0.0,255.0,64.6485832093254,37.88110757353319,224,224,60
data/processed/clips/015a5e88d4da8728.npz,122.70196231487387,55.0085969099062,0.0,255.0,122.70196231487387,55.0085969099062,224,224,60
data/processed/clips/05377f853a74bb62.npz,109.80967062606292,49.28467173968266,0.0,255.0,109.80967062606292,49.28467173968266,224,224,60
data/processed/clips/820dca2c5406e11e.npz,110.42032146843113,63.9939208561246,0.0,255.0,110.42032146843113,63.9939208561246,224,224,60
data/processed/clips/dc3876ce01221931.npz,78.87897877249858,84.12117638712097,0.0,254.0,78.87897877249858,84.12117638712097,224,224,60
data/processed/clips/a9811e5234361572.npz,134.1673116186579,51.40844584404676,0.0,255.0,134.1673116186579,51.40844584404676,224,224,60
data/processed/clips/effbde3981a17836.npz,123.94296664629394,58.149069024708936,0.0,255.0,123.94296664629394,58.149069024708936,224,224,60
data/processed/clips/167da76a08ef6ee4.npz,73.12997725783022,82.23641145432212,0.0,255.0,73.12997725783022,82.23641145432212,224,224,60
data/processed/clips/7e204ed6b165b097.npz,78.28348491089145,83.10846753180812,0.0,255.0,78.28348491089145,83.10846753180812,224,224,60
data/processed/clips/91feacea6f279f7c.npz,85.53473971619898,30.419925686621895,18.0,255.0,85.53473971619898,30.419925686621895,224,224,60
data/processed/clips/5876825a81af4205.npz,128.39582779726473,34.77023569801581,0.0,255.0,128.39582779726473,34.77023569801581,224,224,60
data/processed/clips/fa5e574f3533469d.npz,91.26414022640306,71.49606446169224,0.0,255.0,91.26414022640306,71.49606446169224,224,224,60
data/processed/clips/b33d4634596d54ff.npz,121.58239663052721,61.57534567526645,0.0,255.0,121.58239663052721,61.57534567526645,224,224,60
data/processed/clips/41babd26bad600f1.npz,142.5200124450822,56.93607862498304,0.0,255.0,142.5200124450822,56.93607862498304,224,224,60
data/processed/clips/8afda3a3e8b5b0f3.npz,122.00517511692176,73.10771342024464,0.0,255.0,122.00517511692176,73.10771342024464,224,224,60
data/processed/clips/4b2155a30385f5a7.npz,96.56684359941893,62.747379308782456,0.0,255.0,96.56684359941893,62.747379308782456,224,224,60
data/processed/clips/5755e6238c3bd88e.npz,72.28573598710318,26.20598559147921,0.0,255.0,72.28573598710318,26.20598559147921,224,224,60
data/processed/clips/3e538365292c46d3.npz,107.90165716677296,49.372472452632934,0.0,255.0,107.90165716677296,49.372472452632934,224,224,60
data/processed/clips/e0c5909d79888eb4.npz,99.91169837726757,46.529536996141886,0.0,255.0,99.91169837726757,46.529536996141886,224,224,60
data/processed/clips/de94ac1771db9863.npz,58.19968466553288,64.17080435695377,0.0,255.0,58.19968466553288,64.17080435695377,224,224,60
data/processed/clips/00a324356a3b9965.npz,74.44452571393141,83.61367356132938,0.0,255.0,74.44452571393141,83.61367356132938,224,224,60
data/processed/clips/a5b060989eda2c42.npz,59.68509158871882,64.8761976064407,0.0,255.0,59.68509158871882,64.8761976064407,224,224,60
data/processed/clips/8c0d40d1a441e958.npz,122.12182218590561,61.361470660033774,0.0,255.0,122.12182218590561,61.361470660033774,224,224,60
data/processed/clips/eeb647cda3bf96ca.npz,104.97019502462443,40.14713322209791,0.0,255.0,104.97019502462443,40.14713322209791,224,224,60
data/processed/clips/2f87ebc68f81433f.npz,126.61200286104025,47.17132660842363,0.0,255.0,126.61200286104025,47.17132660842363,224,224,60
data/processed/clips/7730aac918b79263.npz,64.9598298433957,71.59176879799764,0.0,255.0,64.9598298433957,71.59176879799764,224,224,60
data/processed/clips/2f045b0cc758d878.npz,127.71528940352182,38.95460384477534,0.0,255.0,127.71528940352182,38.95460384477534,224,224,60
data/processed/clips/c4a1f5d7fadc39fc.npz,101.23236939306973,65.56011349839393,0.0,255.0,101.23236939306973,65.56011349839393,224,224,60
data/processed/clips/4f608001945664f9.npz,111.78200888428287,49.83188550937428,0.0,255.0,111.78200888428287,49.83188550937428,224,224,60
data/processed/clips/90d78f6f453d3610.npz,108.83335337390164,50.86493077276929,3.0,255.0,108.83335337390164,50.86493077276929,224,224,60
data/processed/clips/50a7384f6202135d.npz,110.51384028220663,47.73439978296766,0.0,255.0,110.51384028220663,47.73439978296766,224,224,60
data/processed/clips/20d2843fc06feba7.npz,83.63901356115363,84.34191000280852,0.0,255.0,83.63901356115363,84.34191000280852,224,224,60
data/processed/clips/abde5850c2534bd2.npz,105.53688317123725,19.13765960123027,2.0,255.0,105.53688317123725,19.13765960123027,224,224,60
data/processed/clips/9cdf1f50b5a98466.npz,102.6731248228458,31.134788849296413,2.0,255.0,102.6731248228458,31.134788849296413,224,224,60
data/processed/clips/416e313335c43aed.npz,87.87768687553147,56.15054956549959,0.0,255.0,87.87768687553147,56.15054956549959,224,224,60
data/processed/clips/a0580ef9ab420073.npz,116.89040754322562,57.72158214455332,0.0,255.0,116.89040754322562,57.72158214455332,224,224,60
data/processed/clips/ff2c2a223695ce49.npz,76.62997360402494,83.11964141010321,0.0,255.0,76.62997360402494,83.11964141010321,224,224,60
data/processed/clips/e67b478ec2d5e6e2.npz,81.1877264252055,84.66605319241027,0.0,255.0,81.1877264252055,84.66605319241027,224,224,60
data/processed/clips/dff473cda105fdda.npz,82.94519502462444,81.86201663080806,0.0,255.0,82.94519502462444,81.86201663080806,224,224,60
data/processed/clips/90c978f5476c1e12.npz,120.65587255084326,35.74821877863351,0.0,255.0,120.65587255084326,35.74821877863351,224,224,60
data/processed/clips/573c3752cd8cd784.npz,99.2943111359127,35.823055545971975,2.0,255.0,99.2943111359127,35.823055545971975,224,224,60
data/processed/clips/390145f90b7db6d0.npz,125.21804924443735,60.76263390807211,0.0,255.0,125.21804924443735,60.76263390807211,224,224,60
data/processed/clips/d25466da02651356.npz,82.09900682929421,84.27341907283561,0.0,255.0,82.09900682929421,84.27341907283561,224,224,60
data/processed/clips/6d64f1715f1ef467.npz,79.41194971478174,84.95996811679176,0.0,255.0,79.41194971478174,84.95996811679176,224,224,60
data/processed/clips/dc3c1ecacca6722d.npz,113.39910503915108,61.29390845964881,0.0,255.0,113.39910503915108,61.29390845964881,224,224,60
data/processed/clips/22ddf5ace8dc0ade.npz,123.02968927154195,57.72975691221027,0.0,252.0,123.02968927154195,57.72975691221027,224,224,60
data/processed/clips/a17069dae720e4af.npz,104.38451506253543,39.740655397394384,0.0,250.0,104.38451506253543,39.740655397394384,224,224,60
data/processed/clips/513caf19716d8ca6.npz,111.83710649624433,29.832500177554078,0.0,255.0,111.83710649624433,29.832500177554078,224,224,60
data/processed/clips/e5b314f96465ab40.npz,75.26764566503685,83.0151077320199,0.0,255.0,75.26764566503685,83.0151077320199,224,224,60
data/processed/clips/d763bf67750e0aa3.npz,48.15632108312075,33.15701986767821,0.0,255.0,48.15632108312075,33.15701986767821,224,224,60
data/processed/clips/fb87d710c73246cd.npz,122.22657268636621,53.42836379057797,0.0,255.0,122.22657268636621,53.42836379057797,224,224,60
data/processed/clips/0451c287217f9803.npz,90.69189353475765,44.28173975461008,0.0,255.0,90.69189353475765,44.28173975461008,224,224,60
data/processed/clips/402c5e420c02b0d9.npz,111.72385514101474,67.68464274707864,0.0,255.0,111.72385514101474,67.68464274707864,224,224,60
data/processed/clips/bd7ae75c3b60cff3.npz,106.55010773189484,28.259788760830425,33.0,250.0,106.55010773189484,28.259788760830425,224,224,60
data/processed/clips/370511a8cbe97520.npz,80.17566621049461,85.66140640065724,0.0,255.0,80.17566621049461,85.66140640065724,224,224,60
data/processed/clips/fca216964be8b139.npz,97.4689898224915,36.66477815761906,0.0,255.0,97.4689898224915,36.66477815761906,224,224,60
data/processed/clips/f9d4e3d2e7d05ed5.npz,112.2105937101403,25.467794650598155,21.0,255.0,112.2105937101403,25.467794650598155,224,224,60
data/processed/clips/e2bc112db1d3c8e8.npz,123.40802641369048,57.15363011877581,0.0,245.0,123.40802641369048,57.15363011877581,224,224,60
data/processed/clips/bae0cb1691593ef9.npz,109.33050661670919,49.98573614462675,0.0,255.0,109.33050661670919,49.98573614462675,224,224,60
data/processed/clips/f5634baa6b43903a.npz,77.879136993339,41.33227420969338,0.0,255.0,77.879136993339,41.33227420969338,224,224,60
data/processed/clips/17f4e73471bea689.npz,104.19871995021967,69.13653030555514,0.0,255.0,104.19871995021967,69.13653030555514,224,224,60
data/processed/clips/bc74658a7a274c55.npz,117.59852818080357,57.98023750159514,0.0,255.0,117.59852818080357,57.98023750159514,224,224,60
data/processed/clips/f0ccb86171467855.npz,123.25544084821429,45.84759335147746,0.0,255.0,123.25544084821429,45.84759335147746,224,224,60
data/processed/clips/1ea7e5c06a4051c7.npz,153.6049541170635,53.26785326291451,8.0,254.0,153.6049541170635,53.26785326291451,224,224,60
data/processed/clips/397d63bda9c7d654.npz,73.98935801534155,33.663445872600036,0.0,255.0,73.98935801534155,33.663445872600036,224,224,60
data/processed/clips/056ef91f48fcbe1f.npz,105.25510580534296,42.18362951185515,1.0,255.0,105.25510580534296,42.18362951185515,224,224,60
data/processed/clips/748bc276c9fd1380.npz,121.53217009460035,72.38847627774915,0.0,255.0,121.53217009460035,72.38847627774915,224,224,60
data/processed/clips/78bc67ccc8553ed8.npz,101.37349917180414,35.60191623696553,16.0,255.0,101.37349917180414,35.60191623696553,224,224,60
data/processed/clips/ea22acbc3168fc79.npz,105.77829307504251,40.12907021356516,0.0,250.0,105.77829307504251,40.12907021356516,224,224,60
data/processed/clips/cd7098c071c88494.npz,104.92685159350198,56.808745395126834,0.0,255.0,104.92685159350198,56.808745395126834,224,224,60
data/processed/clips/f43b8e0db33878fc.npz,139.83988892431972,64.02035494418762,0.0,255.0,139.83988892431972,64.02035494418762,224,224,60
data/processed/clips/f4b27e7373f8d3da.npz,107.87024662078373,67.05614099566107,0.0,255.0,107.87024662078373,67.05614099566107,224,224,60
data/processed/clips/0733f4a298fc75a9.npz,98.55070175205499,34.575036339251206,1.0,255.0,98.55070175205499,34.575036339251206,224,224,60
data/processed/clips/b3ae7d164aaed675.npz,77.67814371191184,83.53557150680304,0.0,255.0,77.67814371191184,83.53557150680304,224,224,60
data/processed/clips/64223da22762f043.npz,64.51846677473073,65.6530168774166,0.0,255.0,64.51846677473073,65.6530168774166,224,224,60
data/processed/clips/dc795bc98490e3b1.npz,69.4468919403699,41.719141171154675,0.0,255.0,69.4468919403699,41.719141171154675,224,224,60
data/processed/clips/c1321972412def38.npz,105.01337414523101,65.86054606205575,0.0,255.0,105.01337414523101,65.86054606205575,224,224,60
data/processed/clips/d492a84c79e7d1a8.npz,121.23635979131235,59.610645308449705,0.0,255.0,121.23635979131235,59.610645308449705,224,224,60
data/processed/clips/477b6dbeb20e829a.npz,86.33059652246315,84.28351678324204,0.0,255.0,86.33059652246315,84.28351678324204,224,224,60
data/processed/clips/d439d792d62b08d9.npz,113.57406429368622,55.800247953157765,0.0,255.0,113.57406429368622,55.800247953157765,224,224,60
data/processed/clips/8e399b8984c1f4f3.npz,103.52224015908446,51.600253143527205,1.0,255.0,103.52224015908446,51.600253143527205,224,224,60
data/processed/clips/e76792420e8d8311.npz,71.44356199511054,83.73995104054451,0.0,255.0,71.44356199511054,83.73995104054451,224,224,60
data/processed/clips/1899c4c21e7ddaab.npz,73.79788832199546,84.21511868386476,0.0,255.0,73.79788832199546,84.21511868386476,224,224,60
data/processed/clips/0a3a521913031eae.npz,97.44509493250425,46.36257846338529,0.0,255.0,97.44509493250425,46.36257846338529,224,224,60
data/processed/clips/4a12074da15fafdf.npz,125.6134454497945,46.11859240554334,0.0,255.0,125.6134454497945,46.11859240554334,224,224,60
data/processed/clips/fd34c014e48620af.npz,57.557917020975054,64.10790151032609,0.0,255.0,57.557917020975054,64.10790151032609,224,224,60
data/processed/clips/d86119239f41b5ba.npz,84.5199431335034,54.71852442775577,0.0,255.0,84.5199431335034,54.71852442775577,224,224,60
data/processed/clips/1b29d142e3a0507b.npz,112.41821610154479,67.3413395850889,0.0,255.0,112.41821610154479,67.3413395850889,224,224,60
data/processed/clips/08d3eebb32698b97.npz,127.10906586592971,38.25655343879201,24.0,254.0,127.10906586592971,38.25655343879201,224,224,60
data/processed/clips/5c136658eb1a7687.npz,166.41311151413692,52.951365103885834,5.0,255.0,166.41311151413692,52.951365103885834,224,224,60
data/processed/clips/c9ee9d0e4212bff1.npz,128.16237698855585,45.74104123038784,0.0,255.0,128.16237698855585,45.74104123038784,224,224,60
data/processed/clips/9051683850583005.npz,104.87817327451815,40.997162113096856,0.0,255.0,104.87817327451815,40.997162113096856,224,224,60
data/processed/clips/31f45fa45177f923.npz,111.60376319798753,47.94879763452723,0.0,255.0,111.60376319798753,47.94879763452723,224,224,60
data/processed/clips/95ebd62246528c40.npz,109.24325983648667,51.35172511499548,0.0,255.0,109.24325983648667,51.35172511499548,224,224,60
data/processed/clips/bb651e5abecf6c24.npz,122.60693270797903,73.10571788659112,0.0,255.0,122.60693270797903,73.10571788659112,224,224,60
data/processed/clips/0f0048088c78abbc.npz,116.04941528043508,58.49227211709426,0.0,255.0,116.04941528043508,58.49227211709426,224,224,60
data/processed/clips/197f40b131dd945c.npz,124.95241439023526,72.45672748311705,0.0,255.0,124.95241439023526,72.45672748311705,224,224,60
data/processed/clips/7f42855ec405b03e.npz,81.51688511993339,84.85666409630218,0.0,255.0,81.51688511993339,84.85666409630218,224,224,60
data/processed/clips/ee891bca376f1e9f.npz,121.67037417180414,45.77334418229237,0.0,255.0,121.67037417180414,45.77334418229237,224,224,60
data/processed/clips/aa500492921321f3.npz,59.98465058549461,66.68720252232382,0.0,255.0,59.98465058549461,66.68720252232382,224,224,60
data/processed/clips/27a5d3a88f8ad278.npz,114.60807878489938,58.39898184168819,0.0,255.0,114.60807878489938,58.39898184168819,224,224,60
data/processed/clips/4a3a4711c881119f.npz,120.26592793367347,54.35648808871902,0.0,255.0,120.26592793367347,54.35648808871902,224,224,60
data/processed/clips/827cac67685ee82a.npz,62.52080033836451,38.07038149323579,0.0,255.0,62.52080033836451,38.07038149323579,224,224,60
data/processed/clips/f24fba052ae5c2c7.npz,141.7354133450255,51.7777677769668,1.0,255.0,141.7354133450255,51.7777677769668,224,224,60
data/processed/clips/1603bcfd9f6ad75c.npz,78.99173376381803,83.80048530414798,0.0,255.0,78.99173376381803,83.80048530414798,224,224,60
data/processed/clips/3ce701d90e3ec74e.npz,123.77465842456775,58.113503634910266,0.0,252.0,123.77465842456775,58.113503634910266,224,224,60
data/processed/clips/0901b86d1a617931.npz,49.86795059169501,21.434350158567078,0.0,252.0,49.86795059169501,21.434350158567078,224,224,60
data/processed/clips/0d3f8d39d3121b89.npz,130.44934774039825,61.824910703491625,0.0,255.0,130.44934774039825,61.824910703491625,224,224,60
data/processed/clips/a704805ab6468c2a.npz,79.58887792747308,25.32110003173184,23.0,255.0,79.58887792747308,25.32110003173184,224,224,60
data/processed/clips/80dd832e58795687.npz,125.09292590082909,54.00779174805031,0.0,255.0,125.09292590082909,54.00779174805031,224,224,60
data/processed/clips/a6bedefaccfa01a9.npz,105.69758129163124,38.238423916538025,0.0,255.0,105.69758129163124,38.238423916538025,224,224,60
data/processed/clips/678cec8d16582493.npz,111.73834602200255,47.97685254344931,0.0,255.0,111.73834602200255,47.97685254344931,224,224,60
data/processed/clips/6a83e98721c457df.npz,138.81933815192744,54.39785581687956,0.0,255.0,138.81933815192744,54.39785581687956,224,224,60
data/processed/clips/e1d2933bec5e0018.npz,78.20026927437642,81.63667647170776,0.0,255.0,78.20026927437642,81.63667647170776,224,224,60
data/processed/clips/53588a3af22111d9.npz,79.0149224728954,82.40523613286393,0.0,255.0,79.0149224728954,82.40523613286393,224,224,60
data/processed/clips/20ec2bd9540524e7.npz,90.1767692168013,43.608720670746024,0.0,255.0,90.1767692168013,43.608720670746024,224,224,60
data/processed/clips/648be9c7645df1e5.npz,64.77148802880527,78.24818100093856,0.0,255.0,64.77148802880527,78.24818100093856,224,224,60
data/processed/clips/7df396d00949ebf8.npz,108.6869479432398,64.81064559869309,0.0,255.0,108.6869479432398,64.81064559869309,224,224,60
data/processed/clips/b25546934c97d351.npz,105.72989488112954,31.93173604505288,6.0,255.0,105.72989488112954,31.93173604505288,224,224,60
data/processed/clips/3f371ea8067ddea8.npz,80.63629125478316,84.42025666191907,0.0,255.0,80.63629125478316,84.42025666191907,224,224,60
data/processed/clips/60886b38e772a5e6.npz,134.4162385071216,62.964074541572934,0.0,255.0,134.4162385071216,62.964074541572934,224,224,60
data/processed/clips/01ebd01eaa006c79.npz,74.6517617984694,83.4177641559438,0.0,255.0,74.6517617984694,83.4177641559438,224,224,60
data/processed/clips/36e06a94e9e5f9a2.npz,77.879136993339,41.33227420969338,0.0,255.0,77.879136993339,41.33227420969338,224,224,60
data/processed/clips/e06d6b2a360fba55.npz,120.02715508078231,74.0730384702675,0.0,255.0,120.02715508078231,74.0730384702675,224,224,60
data/processed/clips/854fe49981b95f89.npz,79.41850807380244,83.71175695191359,0.0,255.0,79.41850807380244,83.71175695191359,224,224,60
data/processed/clips/8fffb44f7f9c5051.npz,73.1117959227962,30.574790215139885,0.0,255.0,73.1117959227962,30.574790215139885,224,224,60
data/processed/clips/9d64d42bd4af4186.npz,70.64467463417658,41.80748033534725,0.0,255.0,70.64467463417658,41.80748033534725,224,224,60
data/processed/clips/1978a3d353a28c55.npz,125.25926217492206,55.09655680628452,0.0,255.0,125.25926217492206,55.09655680628452,224,224,60
data/processed/clips/56fc031b69a620d7.npz,142.37024185976475,52.024787322191116,1.0,255.0,142.37024185976475,52.024787322191116,224,224,60
data/processed/clips/f9c9a37539c8e1b4.npz,51.49474339214853,56.994414109342166,0.0,255.0,51.49474339214853,56.994414109342166,224,224,60
data/processed/clips/25f859c1f52e58cd.npz,109.0110138977466,52.80425741237149,0.0,255.0,109.0110138977466,52.80425741237149,224,224,60
data/processed/clips/da1a12d381e462ea.npz,118.42924350729875,57.38067844599172,0.0,255.0,118.42924350729875,57.38067844599172,224,224,60
data/processed/clips/9150f50457e8d53d.npz,109.17940482833758,50.8973670861312,0.0,255.0,109.17940482833758,50.8973670861312,224,224,60
data/processed/clips/1cee60ac341848c8.npz,70.14757819143283,83.09325175691504,0.0,255.0,70.14757819143283,83.09325175691504,224,224,60
data/processed/clips/741d9d249d33769b.npz,75.1617010345805,83.76447086642871,0.0,255.0,75.1617010345805,83.76447086642871,224,224,60
data/processed/clips/aa7470d98acb612f.npz,97.21517392113095,46.96174467680421,0.0,255.0,97.21517392113095,46.96174467680421,224,224,60
data/processed/clips/f54bba0f006978ab.npz,67.53159844015731,57.363189761303374,0.0,255.0,67.53159844015731,57.363189761303374,224,224,60
data/processed/clips/68d9c2faf6e42e34.npz,111.43801108985261,36.836983700168865,31.0,255.0,111.43801108985261,36.836983700168865,224,224,60
data/processed/clips/5e8b4f00eea19c4e.npz,122.59208663283022,37.428911945692356,0.0,255.0,122.59208663283022,37.428911945692356,224,224,60
data/processed/clips/bd4b43e2e2ed94dc.npz,69.45550218785431,41.71652583783382,0.0,255.0,69.45550218785431,41.71652583783382,224,224,60
data/processed/clips/7e40b97394864061.npz,115.33008620766014,74.68907696337605,0.0,255.0,115.33008620766014,74.68907696337605,224,224,60
data/processed/clips/964ae8528365ac73.npz,122.66403094440902,55.57064365009651,0.0,255.0,122.66403094440902,55.57064365009651,224,224,60
data/processed/clips/c77ff428feadece7.npz,80.32360291772959,85.61253247805058,0.0,255.0,80.32360291772959,85.61253247805058,224,224,60
data/processed/clips/4ba2e8477fb44dcf.npz,63.17666967828798,69.02968148317399,0.0,255.0,63.17666967828798,69.02968148317399,224,224,60
data/processed/clips/f2bf82c9e3dded68.npz,83.42180978511196,82.0928200295721,0.0,255.0,83.42180978511196,82.0928200295721,224,224,60
data/processed/clips/ca02330b3e346e28.npz,163.3939607027707,54.43619759679911,2.0,254.0,163.3939607027707,54.43619759679911,224,224,60
data/processed/clips/f5d1f82f31d53925.npz,153.51809917977607,58.866415865484726,0.0,255.0,153.51809917977607,58.866415865484726,224,224,60
data/processed/clips/4acadd3ec2e28638.npz,131.00497714710883,51.187826246328406,0.0,255.0,131.00497714710883,51.187826246328406,224,224,60
data/processed/clips/d9eb8ea773a0e884.npz,100.87017409828515,62.756164556571875,0.0,255.0,100.87017409828515,62.756164556571875,224,224,60
data/processed/clips/f23db41f374a46b3.npz,65.45715913318452,78.46420197910788,0.0,255.0,65.45715913318452,78.46420197910788,224,224,60
data/processed/clips/1637a57221d2c212.npz,114.34863015518708,59.86056455030171,0.0,255.0,114.34863015518708,59.86056455030171,224,224,60
data/processed/clips/f96d60a338e32877.npz,81.68378131200397,82.976396433983,0.0,255.0,81.68378131200397,82.976396433983,224,224,60
data/processed/clips/a0d0adc453114151.npz,105.69758129163124,38.238423916538025,0.0,255.0,105.69758129163124,38.238423916538025,224,224,60
data/processed/clips/71d5d048b76ad6fc.npz,60.62496224401219,65.07458308402713,0.0,255.0,60.62496224401219,65.07458308402713,224,224,60
data/processed/clips/6201919fb03f735a.npz,108.09296155311083,65.29368589529183,0.0,255.0,108.09296155311083,65.29368589529183,224,224,60
data/processed/clips/1119af8dc318075b.npz,122.16904817265448,50.46015187480439,0.0,255.0,122.16904817265448,50.46015187480439,224,224,60
data/processed/clips/7ce456e28ef49410.npz,70.52650005314626,83.02621741051713,0.0,255.0,70.52650005314626,83.02621741051713,224,224,60
data/processed/clips/91bfac976cdf4e70.npz,114.7790732178288,41.11600047059597,0.0,255.0,114.7790732178288,41.11600047059597,224,224,60
data/processed/clips/3619301246972330.npz,70.65019154797335,41.801929395459915,0.0,255.0,70.65019154797335,41.801929395459915,224,224,60
data/processed/clips/4bdcf3be15ab0a85.npz,85.52320055626417,81.63389730601175,0.0,253.0,85.52320055626417,81.63389730601175,224,224,60
data/processed/clips/b437d784fd6c2923.npz,83.7681904141865,83.25007612871994,0.0,255.0,83.7681904141865,83.25007612871994,224,224,60
data/processed/clips/1c7c8f47668e1383.npz,52.49248002586451,61.128835537209625,0.0,255.0,52.49248002586451,61.128835537209625,224,224,60
data/processed/clips/60d6b45ebd4ff6d0.npz,106.87239240097081,49.820054731049126,4.0,255.0,106.87239240097081,49.820054731049126,224,224,60
data/processed/clips/85508f2673d823e5.npz,119.05794503348214,56.22644078628484,0.0,255.0,119.05794503348214,56.22644078628484,224,224,60
data/processed/clips/8dcaa8c6b6493690.npz,65.0201632475907,68.79899225184322,0.0,255.0,65.0201632475907,68.79899225184322,224,224,60
data/processed/clips/2b85c677ff0bdd66.npz,79.56400193540958,85.0403917458112,0.0,255.0,79.56400193540958,85.0403917458112,224,224,60
data/processed/clips/7d43fb48b62a870e.npz,68.96247220893565,79.31895777068496,0.0,255.0,68.96247220893565,79.31895777068496,224,224,60
data/processed/clips/d3cdc6ff1c7065d1.npz,81.90996237687783,84.23406501949175,0.0,254.0,81.90996237687783,84.23406501949175,224,224,60
data/processed/clips/b388eb3f92f0b45d.npz,119.83617300435799,35.82232959145676,0.0,255.0,119.83617300435799,35.82232959145676,224,224,60
data/processed/clips/180c95b1c05f36a1.npz,57.72490533322704,68.24170652202422,0.0,255.0,57.72490533322704,68.24170652202422,224,224,60
data/processed/clips/37ccf9867cfc187d.npz,105.77829307504251,40.12907021356516,0.0,250.0,105.77829307504251,40.12907021356516,224,224,60
data/processed/clips/089c27f3cdb62aaa.npz,111.26086829914257,43.36062289536233,0.0,255.0,111.26086829914257,43.36062289536233,224,224,60
data/processed/clips/67ed46e67d168531.npz,113.27058797477325,56.18095270080285,0.0,255.0,113.27058797477325,56.18095270080285,224,224,60
data/processed/clips/6c81f170d4d36ece.npz,94.01100537220097,56.104737113857816,0.0,255.0,94.01100537220097,56.104737113857816,224,224,60
data/processed/clips/2559fded187afb5f.npz,84.31208213754252,30.531055748398302,18.0,255.0,84.31208213754252,30.531055748398302,224,224,60
data/processed/clips/6cce52d56867fa15.npz,147.5856300267503,63.78457320217057,0.0,255.0,147.5856300267503,63.78457320217057,224,224,60
data/processed/clips/06f55c6e957fff4b.npz,126.64843993587019,53.13326987517357,0.0,255.0,126.64843993587019,53.13326987517357,224,224,60
data/processed/clips/52aea7486f354f6f.npz,68.16183323589853,79.13080687368104,0.0,255.0,68.16183323589853,79.13080687368104,224,224,60
data/processed/clips/738d7a14333270d0.npz,110.39253117913832,46.546379169210454,0.0,255.0,110.39253117913832,46.546379169210454,224,224,60
data/processed/clips/f9200d33f74afcdb.npz,80.60263594370039,83.41607415880475,0.0,255.0,80.60263594370039,83.41607415880475,224,224,60
data/processed/clips/02492bd4d569cb1a.npz,126.01287899925595,50.22510722945883,0.0,255.0,126.01287899925595,50.22510722945883,224,224,60
data/processed/clips/4982a5e788bb5333.npz,109.97677364565618,32.69013656920929,3.0,255.0,109.97677364565618,32.69013656920929,224,224,60
data/processed/clips/693d255cae952182.npz,116.80814034598214,52.7235980513045,0.0,255.0,116.80814034598214,52.7235980513045,224,224,60
data/processed/clips/094458e99b21f3c0.npz,127.41808500744048,72.21086493139619,0.0,255.0,127.41808500744048,72.21086493139619,224,224,60
data/processed/clips/98234a80c511aede.npz,121.63626567814626,58.67942441728386,0.0,255.0,121.63626567814626,58.67942441728386,224,224,60
data/processed/clips/8b190173b4118b4e.npz,86.01436211203232,56.641601932728506,0.0,255.0,86.01436211203232,56.641601932728506,224,224,60
data/processed/clips/1fe689cd3c962a5d.npz,84.65144314236112,32.2427122858469,20.0,255.0,84.65144314236112,32.2427122858469,224,224,60
data/processed/clips/b9117ecf8abfd7e7.npz,80.0288136869331,84.31215898972513,0.0,255.0,80.0288136869331,84.31215898972513,224,224,60
data/processed/clips/d84a61fe907f41e1.npz,72.13758558762046,82.30896194293524,0.0,255.0,72.13758558762046,82.30896194293524,224,224,60
data/processed/clips/4709adcade14d2d3.npz,112.45176810958759,26.567675306710917,7.0,255.0,112.45176810958759,26.567675306710917,224,224,60
data/processed/clips/e0f0cf5cc92cdb7b.npz,81.53747143388605,83.66378551322072,0.0,255.0,81.53747143388605,83.66378551322072,224,224,60
data/processed/clips/436e0ae6a7e93fad.npz,109.20452861483135,38.599021929760646,0.0,254.0,109.20452861483135,38.599021929760646,224,224,60
data/processed/clips/af581fca7a8b4199.npz,81.30179578993055,82.34776077231149,0.0,255.0,81.30179578993055,82.34776077231149,224,224,60
data/processed/clips/1cc34f19e6dc3f4a.npz,50.398465955392574,20.590761320752556,0.0,245.0,50.398465955392574,20.590761320752556,224,224,60
data/processed/clips/a6fbc2827c0799b9.npz,123.67917707447562,57.511287722641526,0.0,250.0,123.67917707447562,57.511287722641526,224,224,60
data/processed/clips/6dd0e74130300a30.npz,55.486597399376414,61.83040034563308,0.0,255.0,55.486597399376414,61.83040034563308,224,224,60
data/processed/clips/1dd4fb175d998074.npz,105.61272819674745,64.58346332432596,0.0,255.0,105.61272819674745,64.58346332432596,224,224,60
data/processed/clips/a25fba87d8ece8a1.npz,145.6435617736678,64.3884286840429,0.0,255.0,145.6435617736678,64.3884286840429,224,224,60
data/processed/clips/44ad2c2ac93c3506.npz,147.56245526856577,63.35260558268142,0.0,255.0,147.56245526856577,63.35260558268142,224,224,60
data/processed/clips/c97633fc8d94949d.npz,94.7567107116284,66.11514549792342,0.0,255.0,94.7567107116284,66.11514549792342,224,224,60
data/processed/clips/7392b60d90e322ba.npz,68.55032673876842,79.8033720740737,0.0,255.0,68.55032673876842,79.8033720740737,224,224,60
data/processed/clips/59b775dfc4a19a5e.npz,63.12620276626276,68.29749581355452,0.0,255.0,63.12620276626276,68.29749581355452,224,224,60
data/processed/clips/6697191956c06dff.npz,94.69646710246599,33.39135885674868,0.0,255.0,94.69646710246599,33.39135885674868,224,224,60
data/processed/clips/2f117dc567762cd9.npz,112.36335111518565,50.272314116697444,0.0,255.0,112.36335111518565,50.272314116697444,224,224,60
data/processed/clips/84579c78031ccd38.npz,108.33391118817319,66.92100596815646,0.0,255.0,108.33391118817319,66.92100596815646,224,224,60
data/processed/clips/1fcdd13c29b64b5f.npz,100.05339781746032,35.640160436273334,16.0,255.0,100.05339781746032,35.640160436273334,224,224,60
data/processed/clips/d672e7a8d1ca0392.npz,49.946657543225626,20.551291045797022,0.0,251.0,49.946657543225626,20.551291045797022,224,224,60
data/processed/clips/f5a8097058b5dfe8.npz,61.82656814678997,66.04551778261289,0.0,255.0,61.82656814678997,66.04551778261289,224,224,60
data/processed/clips/f60b5e65bd4fefb5.npz,78.52817393884636,82.41592808681764,0.0,255.0,78.52817393884636,82.41592808681764,224,224,60
data/processed/clips/5d60b3fbbef3d62a.npz,67.64916372147817,41.8215439732875,0.0,255.0,67.64916372147817,41.8215439732875,224,224,60
data/processed/clips/a3dfb60cb27fcfad.npz,82.3075364716199,83.84187421560665,0.0,255.0,82.3075364716199,83.84187421560665,224,224,60
data/processed/clips/b2f60a279af14456.npz,75.84969020160148,83.88996954997083,0.0,255.0,75.84969020160148,83.88996954997083,224,224,60
data/processed/clips/2fd62f0317322f2f.npz,142.96904119720804,61.22644912876852,0.0,255.0,142.96904119720804,61.22644912876852,224,224,60
data/processed/clips/5dd2b92edf4982f5.npz,76.26703758326248,82.93640977583293,0.0,255.0,76.26703758326248,82.93640977583293,224,224,60
data/processed/clips/b3014cac60ce8ea3.npz,105.75200339250283,39.655296676657656,0.0,255.0,105.75200339250283,39.655296676657656,224,224,60
data/processed/clips/54db1503e116fade.npz,138.10810934399802,65.06247095424739,0.0,255.0,138.10810934399802,65.06247095424739,224,224,60
data/processed/clips/8f62fee620609385.npz,100.42957611429989,30.63499235594371,4.0,255.0,100.42957611429989,30.63499235594371,224,224,60
data/processed/clips/a6768f44bf152d2d.npz,112.57263964179421,50.8841396980187,0.0,255.0,112.57263964179421,50.8841396980187,224,224,60
data/processed/clips/7079f3735a8a6467.npz,67.53773461858702,41.31201767918031,0.0,255.0,67.53773461858702,41.31201767918031,224,224,60
data/processed/clips/bf87e47f7d9da7e1.npz,80.82672603546627,84.74860068524579,0.0,255.0,80.82672603546627,84.74860068524579,224,224,60
data/processed/clips/c67fc54850cbd646.npz,65.12355519681832,78.63355450813627,0.0,255.0,65.12355519681832,78.63355450813627,224,224,60
data/processed/clips/4688defddc77fecd.npz,52.08430668491355,58.97262990529988,0.0,255.0,52.08430668491355,58.97262990529988,224,224,60
data/processed/clips/16cda6fee40bf2fb.npz,78.55892547123015,81.580346646291,0.0,255.0,78.55892547123015,81.580346646291,224,224,60
data/processed/clips/72490103ba4c1a8e.npz,80.96607375372024,83.97983054507597,0.0,255.0,80.96607375372024,83.97983054507597,224,224,60
data/processed/clips/97a7e1b93a7b5c99.npz,120.50504191911139,48.479119582308904,5.0,252.0,120.50504191911139,48.479119582308904,224,224,60
data/processed/clips/64b3a2882ca2694f.npz,72.09773685515873,84.42884066079564,0.0,255.0,72.09773685515873,84.42884066079564,224,224,60
data/processed/clips/a074883a58b2e99f.npz,104.3798815945649,70.14525863084691,0.0,255.0,104.3798815945649,70.14525863084691,224,224,60
data/processed/clips/878f3a4f9bab2451.npz,79.86021327150652,82.004616391577,0.0,255.0,79.86021327150652,82.004616391577,224,224,60
data/processed/clips/b79ff7fd20f2c7e6.npz,81.68823707217263,85.07454443549608,0.0,255.0,81.68823707217263,85.07454443549608,224,224,60
data/processed/clips/65cc6d37e83bc61a.npz,113.4483441618835,40.79004262329353,0.0,255.0,113.4483441618835,40.79004262329353,224,224,60
data/processed/clips/dbd4ff25c44b955b.npz,58.8387892396542,65.9159480800565,0.0,255.0,58.8387892396542,65.9159480800565,224,224,60
data/processed/clips/7d29207bb1c83d77.npz,114.81410501700681,60.793718819554826,0.0,255.0,114.81410501700681,60.793718819554826,224,224,60
data/processed/clips/876ebe90b535f5f4.npz,51.682078085140304,39.321525400937276,0.0,255.0,51.682078085140304,39.321525400937276,224,224,60
data/processed/clips/eedf56919185a4f8.npz,112.92364687411423,51.255219282415624,0.0,255.0,112.92364687411423,51.255219282415624,224,224,60
data/processed/clips/c649339af6dad308.npz,52.04287164735686,58.976813934719985,0.0,255.0,52.04287164735686,58.976813934719985,224,224,60
data/processed/clips/2ba985853e246884.npz,104.3498421113237,41.712871643073214,0.0,255.0,104.3498421113237,41.712871643073214,224,224,60
data/processed/clips/2d48786821872fc4.npz,106.87239240097081,49.820054731049126,4.0,255.0,106.87239240097081,49.820054731049126,224,224,60
data/processed/clips/9d67f15f682c9b20.npz,76.66401621846656,82.41336332263616,0.0,255.0,76.66401621846656,82.41336332263616,224,224,60
data/processed/clips/bdc560fe0a41ad17.npz,104.3498421113237,41.712871643073214,0.0,255.0,104.3498421113237,41.712871643073214,224,224,60
data/processed/clips/57e9653ecae05de0.npz,81.03100021258503,83.51570235482333,0.0,254.0,81.03100021258503,83.51570235482333,224,224,60
data/processed/clips/7e3c1e569a351b1e.npz,103.12397859534438,34.30138978108837,0.0,255.0,103.12397859534438,34.30138978108837,224,224,60
data/processed/clips/ca7907542d86fdb0.npz,81.70892502834467,53.571365846287804,0.0,255.0,81.70892502834467,53.571365846287804,224,224,60
data/processed/clips/16f5531b7a83e886.npz,74.66805832358985,83.75402789564622,0.0,255.0,74.66805832358985,83.75402789564622,224,224,60
data/processed/clips/04f631007f3d54a0.npz,111.92760305945295,61.73763376122767,0.0,255.0,111.92760305945295,61.73763376122767,224,224,60
data/processed/clips/e3ef78fcdf831cc7.npz,133.6518081907242,60.11230648310845,0.0,255.0,133.6518081907242,60.11230648310845,224,224,60
data/processed/clips/41cf7a81eb5175f0.npz,69.45550218785431,41.71652583783382,0.0,255.0,69.45550218785431,41.71652583783382,224,224,60
data/processed/clips/ed9cdc2de69977e2.npz,87.19864000938917,56.89538416909484,0.0,255.0,87.19864000938917,56.89538416909484,224,224,60
data/processed/clips/79812d84a28e16d4.npz,123.16948961876417,55.24980941999326,0.0,255.0,123.16948961876417,55.24980941999326,224,224,60
data/processed/clips/da4f731322556475.npz,133.09376251151502,59.99928320199067,0.0,255.0,133.09376251151502,59.99928320199067,224,224,60
data/processed/clips/5b78b21841ed6292.npz,108.9252378295068,51.457091122974504,0.0,255.0,108.9252378295068,51.457091122974504,224,224,60
data/processed/clips/751fdc0cbf379c98.npz,78.18704936401645,83.31412595956868,0.0,255.0,78.18704936401645,83.31412595956868,224,224,60
data/processed/clips/3bd67f5bdf29ab97.npz,115.03492860685941,41.99255505894609,0.0,255.0,115.03492860685941,41.99255505894609,224,224,60
data/processed/clips/8851e7d36f6ccc5e.npz,99.26941875708617,35.830161829455086,1.0,255.0,99.26941875708617,35.830161829455086,224,224,60
data/processed/clips/844d815d60dbcdaa.npz,126.50960662910998,50.79752525089916,0.0,255.0,126.50960662910998,50.79752525089916,224,224,60
data/processed/clips/8f337fb877cc261c.npz,96.50488181600765,36.88774307678015,2.0,255.0,96.50488181600765,36.88774307678015,224,224,60
data/processed/clips/e8761019d4c58932.npz,87.2681837709042,50.46485368661394,0.0,255.0,87.2681837709042,50.46485368661394,224,224,60
data/processed/clips/ee0980cf443dfd7a.npz,126.96365117010346,46.08721506916279,0.0,255.0,126.96365117010346,46.08721506916279,224,224,60
data/processed/clips/7d3ec9f766a170cc.npz,82.24722056140165,84.15980681974334,0.0,255.0,82.24722056140165,84.15980681974334,224,224,60
data/processed/clips/7671546126bf2b18.npz,111.78200888428287,49.83188550937428,0.0,255.0,111.78200888428287,49.83188550937428,224,224,60
data/processed/clips/a73858c2755c7946.npz,134.927220184949,55.70263673315108,0.0,255.0,134.927220184949,55.70263673315108,224,224,60
data/processed/clips/de7c40c2ee88b5ad.npz,80.53193879765448,84.57004209641384,0.0,255.0,80.53193879765448,84.57004209641384,224,224,60
data/processed/clips/a6ac004f8bbb4d37.npz,72.59707285909155,52.57674667935341,0.0,255.0,72.59707285909155,52.57674667935341,224,224,60
data/processed/clips/255e0f2876f24dff.npz,105.15123111093396,32.2542304373273,5.0,255.0,105.15123111093396,32.2542304373273,224,224,60
data/processed/clips/a800dd709e941c1c.npz,105.805970428536,38.59637591686861,0.0,255.0,105.805970428536,38.59637591686861,224,224,60
data/processed/clips/591f27a632e90172.npz,83.54641827434098,82.80415175522248,0.0,255.0,83.54641827434098,82.80415175522248,224,224,60
data/processed/clips/3fe34574112d1578.npz,98.635191680839,40.36807533704061,0.0,255.0,98.635191680839,40.36807533704061,224,224,60
data/processed/clips/b2ae592e5ae9d8ac.npz,122.8167649872449,54.60534075720524,0.0,255.0,122.8167649872449,54.60534075720524,224,224,60
data/processed/clips/05979e3c58150211.npz,90.37500686472505,43.65986022468474,0.0,255.0,90.37500686472505,43.65986022468474,224,224,60
data/processed/clips/b3b7be3ec876f000.npz,102.91030395231009,17.591433390222317,36.0,253.0,102.91030395231009,17.591433390222317,224,224,60
data/processed/clips/2a71b8adcec9595d.npz,80.78728907578656,82.98816841015459,0.0,255.0,80.78728907578656,82.98816841015459,224,224,60
data/processed/clips/e550a63e176ea541.npz,113.88744021045919,26.443191768861823,9.0,255.0,113.88744021045919,26.443191768861823,224,224,60
data/processed/clips/174a596cb88e0487.npz,54.585112736500854,61.09463151917008,0.0,255.0,54.585112736500854,61.09463151917008,224,224,60
data/processed/clips/8c871704c369f0d3.npz,87.2681837709042,50.46485368661394,0.0,255.0,87.2681837709042,50.46485368661394,224,224,60
data/processed/clips/7b82e510ed8d8321.npz,81.50295227465986,83.90167264969335,0.0,255.0,81.50295227465986,83.90167264969335,224,224,60
data/processed/clips/79ececc76488d751.npz,77.36488305608702,84.17370796614051,0.0,255.0,77.36488305608702,84.17370796614051,224,224,60
data/processed/clips/3a8b5f8fd952b854.npz,115.61087959272251,47.407391277301656,0.0,255.0,115.61087959272251,47.407391277301656,224,224,60
data/processed/clips/c4a3564ec9dde59b.npz,124.00541272498583,46.152552181320566,0.0,255.0,124.00541272498583,46.152552181320566,224,224,60
data/processed/clips/a3e9e29fd5cd0940.npz,106.43330454577665,45.25951302022272,1.0,255.0,106.43330454577665,45.25951302022272,224,224,60
data/processed/clips/7ac06f0817131cac.npz,82.09133859924178,83.82233689825304,0.0,255.0,82.09133859924178,83.82233689825304,224,224,60
data/processed/clips/e6edb5e0c1b42bdd.npz,43.35084048593396,34.31482342303112,0.0,254.0,43.35084048593396,34.31482342303112,224,224,60
data/processed/clips/a145a44a31ad08aa.npz,80.60135976916808,83.38854260812725,0.0,254.0,80.60135976916808,83.38854260812725,224,224,60
data/processed/clips/356fef468c7a544f.npz,92.6527576264881,53.029375446572296,0.0,255.0,92.6527576264881,53.029375446572296,224,224,60
data/processed/clips/038654d4be0bd4ef.npz,120.086634491036,74.0441461713243,0.0,255.0,120.086634491036,74.0441461713243,224,224,60
data/processed/clips/c5104b4ecac35bad.npz,110.24459613272393,47.85036413015242,0.0,255.0,110.24459613272393,47.85036413015242,224,224,60
data/processed/clips/e2f9f97c2146bb30.npz,123.36446751877834,61.52028681584189,0.0,255.0,123.36446751877834,61.52028681584189,224,224,60
data/processed/clips/71fbc2cf382a1b40.npz,67.53310890111253,69.35502268930175,0.0,255.0,67.53310890111253,69.35502268930175,224,224,60
data/processed/clips/8d63f65f359662d2.npz,105.58839540373441,44.17322084220529,0.0,255.0,105.58839540373441,44.17322084220529,224,224,60
data/processed/clips/aa1a610e93a6360f.npz,129.91107822686365,56.34312835608237,0.0,255.0,129.91107822686365,56.34312835608237,224,224,60
data/processed/clips/0371b6077b99b320.npz,106.28171868356718,40.71518933316765,9.0,255.0,106.28171868356718,40.71518933316765,224,224,60
data/processed/clips/f16bc603a493f5aa.npz,130.65729199883077,63.39886702423215,0.0,255.0,130.65729199883077,63.39886702423215,224,224,60
data/processed/clips/59c41d4e1f89d65a.npz,125.62305728280896,74.17296707641468,0.0,255.0,125.62305728280896,74.17296707641468,224,224,60
data/processed/clips/7434c62fbf506a1d.npz,79.12019480318169,83.43875106562773,0.0,255.0,79.12019480318169,83.43875106562773,224,224,60
data/processed/clips/4bd3d4098465e871.npz,74.26913686047335,23.904459344996614,3.0,253.0,74.26913686047335,23.904459344996614,224,224,60
data/processed/clips/81e03b1b46900202.npz,119.28766098887472,62.08830447716441,0.0,255.0,119.28766098887472,62.08830447716441,224,224,60
data/processed/clips/bd34072287fa4c82.npz,103.9644748263889,41.03961100379979,0.0,255.0,103.9644748263889,41.03961100379979,224,224,60
data/processed/clips/f933a42d31a11bd2.npz,120.67521324936224,49.387308816904614,2.0,255.0,120.67521324936224,49.387308816904614,224,224,60
data/processed/clips/4ed092c368d6b681.npz,111.08853192318594,55.288101677921446,0.0,255.0,111.08853192318594,55.288101677921446,224,224,60
data/processed/clips/62471fbb82cfb0b6.npz,71.28508527760063,82.8673064813032,0.0,255.0,71.28508527760063,82.8673064813032,224,224,60
data/processed/clips/dc647595df8ae3ea.npz,74.40743383290817,82.67018002585748,0.0,255.0,74.40743383290817,82.67018002585748,224,224,60
data/processed/clips/7f9d3c1f9693aaab.npz,43.35084048593396,34.31482342303112,0.0,254.0,43.35084048593396,34.31482342303112,224,224,60
data/processed/clips/c96956997c6f1e4e.npz,80.52152943859835,82.67053527932192,0.0,255.0,80.52152943859835,82.67053527932192,224,224,60
data/processed/clips/58ce317d894c61b4.npz,128.8111371306335,45.98157411271474,0.0,255.0,128.8111371306335,45.98157411271474,224,224,60
data/processed/clips/22b8f366b098ea6a.npz,108.40933359020691,38.665512095638114,0.0,254.0,108.40933359020691,38.665512095638114,224,224,60
data/processed/clips/11c4774ab8fc2a66.npz,80.85518729627267,82.84619632176113,0.0,254.0,80.85518729627267,82.84619632176113,224,224,60
data/processed/clips/26aba063747523cb.npz,85.28282777954932,84.07241246242663,0.0,255.0,85.28282777954932,84.07241246242663,224,224,60
data/processed/clips/b5ffa7653f239209.npz,128.4403907135771,60.68778220363141,0.0,255.0,128.4403907135771,60.68778220363141,224,224,60
data/processed/clips/4e55664785b1b0d2.npz,79.66964396435658,84.44316646418544,0.0,255.0,79.66964396435658,84.44316646418544,224,224,60
data/processed/clips/8e77db9a9aba4f5f.npz,108.61041733099489,50.18442871399135,4.0,255.0,108.61041733099489,50.18442871399135,224,224,60
data/processed/clips/5ce81003cfc9a47e.npz,129.8072702974419,33.54079476556306,0.0,255.0,129.8072702974419,33.54079476556306,224,224,60
data/processed/clips/cc973d745dead1f8.npz,100.82310134991496,35.29298166765323,10.0,255.0,100.82310134991496,35.29298166765323,224,224,60
data/processed/clips/8690288b7c02df0d.npz,117.03712033641581,41.11410327462782,0.0,255.0,117.03712033641581,41.11410327462782,224,224,60
data/processed/clips/43f8127b941e7840.npz,106.83647316999716,47.249215342905956,0.0,255.0,106.83647316999716,47.249215342905956,224,224,60
data/processed/clips/843498c424bc4431.npz,75.66594841712727,82.7214527410294,0.0,255.0,75.66594841712727,82.7214527410294,224,224,60
data/processed/clips/7e5386bb1e1a8f8f.npz,105.07052729946145,64.743194162621,0.0,255.0,105.07052729946145,64.743194162621,224,224,60
data/processed/clips/2f97c3fd8443c69a.npz,80.58126096141582,82.53686969696665,0.0,255.0,80.58126096141582,82.53686969696665,224,224,60
data/processed/clips/4b0a23c106994377.npz,63.28079593165391,68.61509848941138,0.0,255.0,63.28079593165391,68.61509848941138,224,224,60
data/processed/clips/455ea59e7cec0296.npz,69.18994793881095,66.85186315154745,0.0,255.0,69.18994793881095,66.85186315154745,224,224,60
data/processed/clips/7d4bd64e9d3f03a4.npz,82.30891827434098,83.41896149509556,0.0,255.0,82.30891827434098,83.41896149509556,224,224,60
data/processed/clips/79343dd73293a03f.npz,118.42600734304138,57.39464593171779,0.0,255.0,118.42600734304138,57.39464593171779,224,224,60
data/processed/clips/fde57a9462505e86.npz,55.63174403876134,60.443548770854775,0.0,255.0,55.63174403876134,60.443548770854775,224,224,60
data/processed/clips/b86c43f0b804782d.npz,106.18697119472789,39.28133821969439,0.0,255.0,106.18697119472789,39.28133821969439,224,224,60
data/processed/clips/16b0fa552697215c.npz,128.39654715401787,47.33226852077242,0.0,255.0,128.39654715401787,47.33226852077242,224,224,60
data/processed/clips/ac337cb3685dc216.npz,62.53595111872874,70.98222150987995,0.0,255.0,62.53595111872874,70.98222150987995,224,224,60
data/processed/clips/9f38653f6a0f544d.npz,100.61916863750709,62.71742897508627,0.0,255.0,100.61916863750709,62.71742897508627,224,224,60
data/processed/clips/2213c2e4b213e7ae.npz,80.37268525899944,82.76324509974391,0.0,255.0,80.37268525899944,82.76324509974391,224,224,60
data/processed/clips/436dde971fef5415.npz,122.26354952788407,54.588158765193064,0.0,255.0,122.26354952788407,54.588158765193064,224,224,60
data/processed/clips/f7291f5d9a25216d.npz,122.79513601013322,47.23947579744055,0.0,254.0,122.79513601013322,47.23947579744055,224,224,60
data/processed/clips/c3c5ba6adddb84ea.npz,123.22086123511905,70.88177691711033,0.0,255.0,123.22086123511905,70.88177691711033,224,224,60
data/processed/clips/948c9ca3b2e62e35.npz,108.28929379694586,27.45652106184752,7.0,255.0,108.28929379694586,27.45652106184752,224,224,60
data/processed/clips/fdc64ae6f42d269b.npz,133.84068633964003,60.910352724209,0.0,255.0,133.84068633964003,60.910352724209,224,224,60
data/processed/clips/7d5000d42a714c74.npz,104.61425958404195,33.63771739326261,7.0,255.0,104.61425958404195,33.63771739326261,224,224,60
data/processed/clips/7b1539bab10537b9.npz,115.27016856221655,65.37409043405232,0.0,255.0,115.27016856221655,65.37409043405232,224,224,60
data/processed/clips/9faf56b2fa642258.npz,114.70875230300453,59.756667707924315,0.0,255.0,114.70875230300453,59.756667707924315,224,224,60
data/processed/clips/09bef80a25d265af.npz,118.7126763791454,48.77371258582921,0.0,255.0,118.7126763791454,48.77371258582921,224,224,60
data/processed/clips/6e48ddee45702e0c.npz,113.65108540160855,34.674797313773986,22.0,255.0,113.65108540160855,34.674797313773986,224,224,60
data/processed/clips/1011374b9d7325b8.npz,129.77459664204224,32.935730456664885,0.0,255.0,129.77459664204224,32.935730456664885,224,224,60
data/processed/clips/f756a51b50797c1b.npz,126.50911956579507,54.013416966751436,0.0,255.0,126.50911956579507,54.013416966751436,224,224,60
data/processed/clips/d6201631a0cba7ba.npz,43.41752387152778,34.22548244560237,0.0,255.0,43.41752387152778,34.22548244560237,224,224,60
data/processed/clips/aaca512c05887d84.npz,127.9624476287911,73.69692465611725,0.0,255.0,127.9624476287911,73.69692465611725,224,224,60
data/processed/clips/c0cbe147f7c3a493.npz,66.44904126364088,37.80989904187272,0.0,255.0,66.44904126364088,37.80989904187272,224,224,60
data/processed/clips/3f11d83b80d6169b.npz,107.3999657870961,42.17778702302661,0.0,255.0,107.3999657870961,42.17778702302661,224,224,60
data/processed/clips/60ae532559fd9db5.npz,134.17044259761195,60.34699169025987,0.0,255.0,134.17044259761195,60.34699169025987,224,224,60
data/processed/clips/1649e64a66b15c9c.npz,116.5039436738237,60.17788125746265,0.0,255.0,116.5039436738237,60.17788125746265,224,224,60
data/processed/clips/6117d84cb16a2745.npz,127.87004953674177,51.91277231372483,7.0,254.0,127.87004953674177,51.91277231372483,224,224,60
data/processed/clips/fec708f6810d32c7.npz,105.78033632723923,39.99455356353634,0.0,250.0,105.78033632723923,39.99455356353634,224,224,60
data/processed/clips/e91990bc09e6eb75.npz,104.93188675860969,40.09566737464429,0.0,255.0,104.93188675860969,40.09566737464429,224,224,60
data/processed/clips/f089a865c8712deb.npz,60.3888664124504,66.11098331079374,0.0,255.0,60.3888664124504,66.11098331079374,224,224,60
data/processed/clips/282416686f587694.npz,166.1524190405329,53.00491395639666,4.0,255.0,166.1524190405329,53.00491395639666,224,224,60
data/processed/clips/e592e65ffbd01cad.npz,62.45663686047335,66.84231838263125,0.0,255.0,62.45663686047335,66.84231838263125,224,224,60
data/processed/clips/6aa1c6ae63507e76.npz,63.152464104131234,37.97999423623408,0.0,255.0,63.152464104131234,37.97999423623408,224,224,60
data/processed/clips/fee608b029f6359f.npz,75.87927694515307,82.99222665004403,0.0,255.0,75.87927694515307,82.99222665004403,224,224,60
data/processed/clips/1f70ab2952e32acd.npz,43.04190803925737,33.867342735851686,0.0,255.0,43.04190803925737,33.867342735851686,224,224,60
data/processed/clips/c104de6dc6208b65.npz,133.83827117435516,60.90930516011907,0.0,255.0,133.83827117435516,60.90930516011907,224,224,60
data/processed/clips/a87e6712bcd89420.npz,66.25129831880669,67.77602789084787,0.0,255.0,66.25129831880669,67.77602789084787,224,224,60
data/processed/clips/d28dac00a1881d09.npz,116.3514880952381,33.89261905266303,34.0,255.0,116.3514880952381,33.89261905266303,224,224,60
data/processed/clips/b67a76007825dc41.npz,115.07906668526786,52.921869782225215,0.0,255.0,115.07906668526786,52.921869782225215,224,224,60
data/processed/clips/bfd9a89eab76b09f.npz,122.165864379606,59.4896189299812,0.0,255.0,122.165864379606,59.4896189299812,224,224,60
data/processed/clips/099c05d42e8cac91.npz,72.95097235508787,81.33231730533744,0.0,255.0,72.95097235508787,81.33231730533744,224,224,60
data/processed/clips/d7de498538a9f5db.npz,111.72332323554421,58.16268969308183,0.0,255.0,111.72332323554421,58.16268969308183,224,224,60
data/processed/clips/f9755cf485271a2e.npz,71.59557225233844,66.32800984602952,0.0,255.0,71.59557225233844,66.32800984602952,224,224,60
data/processed/clips/0394127eccc2e8f4.npz,83.5856862732072,82.3084917007478,0.0,255.0,83.5856862732072,82.3084917007478,224,224,60
data/processed/clips/3e0bf984f09e282f.npz,64.16934878117914,67.8353234392103,0.0,255.0,64.16934878117914,67.8353234392103,224,224,60
data/processed/clips/70e35149e4c009cd.npz,162.5120613219246,56.70597015788154,2.0,254.0,162.5120613219246,56.70597015788154,224,224,60
data/processed/clips/c32f09d3ca2a0e2b.npz,111.20960751488096,41.710463674489525,4.0,255.0,111.20960751488096,41.710463674489525,224,224,60
data/processed/clips/61c70adfef10e316.npz,111.76065449617347,63.27978253451211,0.0,255.0,111.76065449617347,63.27978253451211,224,224,60
data/processed/clips/6de22a96f5230937.npz,69.52444307149943,81.26371818327002,0.0,255.0,69.52444307149943,81.26371818327002,224,224,60
data/processed/clips/b1d202c0a3a0dc92.npz,124.18510100003543,53.84105839207241,0.0,255.0,124.18510100003543,53.84105839207241,224,224,60
data/processed/clips/7e35202f1d39a0ce.npz,123.75791026697136,57.89689637244612,0.0,255.0,123.75791026697136,57.89689637244612,224,224,60
data/processed/clips/bf03fc5c4ed6c60d.npz,72.00612255970097,31.312881336122143,0.0,255.0,72.00612255970097,31.312881336122143,224,224,60
data/processed/clips/2e9390c5d247bd44.npz,63.738447885664684,68.24312251157818,0.0,255.0,63.738447885664684,68.24312251157818,224,224,60
data/processed/clips/1d80a48c4c449970.npz,154.0788480105584,61.94108483571147,0.0,255.0,154.0788480105584,61.94108483571147,224,224,60
data/processed/clips/2d4053258daa3007.npz,74.30364981930272,81.75813018642873,0.0,255.0,74.30364981930272,81.75813018642873,224,224,60
data/processed/clips/db22aaab2e495e9c.npz,108.94389382706207,41.804522533927376,1.0,255.0,108.94389382706207,41.804522533927376,224,224,60
data/processed/clips/3bdb56b0003a5f01.npz,148.24027523118622,38.12103397977433,0.0,253.0,148.24027523118622,38.12103397977433,224,224,60
data/processed/clips/eb7ab43c495a06cf.npz,140.22929521417942,53.36620500377585,0.0,255.0,140.22929521417942,53.36620500377585,224,224,60
data/processed/clips/180adfe1a26a4230.npz,116.8384560790462,41.21331169017484,0.0,255.0,116.8384560790462,41.21331169017484,224,224,60
data/processed/clips/84652a55394b169f.npz,111.97506488272393,61.758375246919364,0.0,255.0,111.97506488272393,61.758375246919364,224,224,60
data/processed/clips/3b3909a17d41b9d3.npz,90.08488719706632,34.3774534001202,0.0,255.0,90.08488719706632,34.3774534001202,224,224,60
data/processed/clips/f46a93af941e0114.npz,116.51397691237953,51.78855787171857,0.0,255.0,116.51397691237953,51.78855787171857,224,224,60
data/processed/clips/e5d487ab4996852e.npz,47.814336535395405,32.700624146775034,0.0,250.0,47.814336535395405,32.700624146775034,224,224,60
data/processed/clips/a0a601027f828112.npz,120.85635839622307,49.26730409217415,2.0,254.0,120.85635839622307,49.26730409217415,224,224,60
data/processed/clips/b016c31bec54dd37.npz,124.70582228334042,47.16151152021857,0.0,255.0,124.70582228334042,47.16151152021857,224,224,60
data/processed/clips/b5a8f210abf9494f.npz,73.68394495819162,84.19774196063989,0.0,255.0,73.68394495819162,84.19774196063989,224,224,60
data/processed/clips/01145eb977513270.npz,104.43755015678147,42.011265422951936,1.0,255.0,104.43755015678147,42.011265422951936,224,224,60
data/processed/clips/61c2898f23c8bf73.npz,110.0616230867347,47.59930753542592,0.0,255.0,110.0616230867347,47.59930753542592,224,224,60
data/processed/clips/ed6f4e9732d4b8e8.npz,119.50615566539116,60.84647312729719,0.0,255.0,119.50615566539116,60.84647312729719,224,224,60
data/processed/clips/6f7c30ac259315c4.npz,66.18526298540249,69.04122733727442,0.0,255.0,66.18526298540249,69.04122733727442,224,224,60
data/processed/clips/41d801f020ded701.npz,129.94105470964428,48.93188816865357,0.0,255.0,129.94105470964428,48.93188816865357,224,224,60
data/processed/clips/f438915ecac24764.npz,81.95435921113237,83.82842917916014,0.0,255.0,81.95435921113237,83.82842917916014,224,224,60
data/processed/clips/47976d7683d3ab75.npz,95.85142797353316,65.84656729249413,0.0,255.0,95.85142797353316,65.84656729249413,224,224,60
data/processed/clips/6cbd6cce973825db.npz,106.59425566450538,39.0962872774827,0.0,255.0,106.59425566450538,39.0962872774827,224,224,60
data/processed/clips/0847a183d166618c.npz,108.13867608241213,50.083493129173696,3.0,250.0,108.13867608241213,50.083493129173696,224,224,60
data/processed/clips/2b96126878365356.npz,109.72263166985545,56.2561533860706,0.0,254.0,109.72263166985545,56.2561533860706,224,224,60
data/processed/clips/5ba9b2cf541ecc01.npz,59.25595548115079,64.17381331857042,0.0,255.0,59.25595548115079,64.17381331857042,224,224,60
data/processed/clips/1b9f3dac63e5def7.npz,120.81064752072704,55.444031755613544,0.0,255.0,120.81064752072704,55.444031755613544,224,224,60
data/processed/clips/87719cd4c80f75a5.npz,109.17261982266865,51.34224905459871,0.0,255.0,109.17261982266865,51.34224905459871,224,224,60
data/processed/clips/92bfa4a32798a090.npz,110.26220614547903,47.873138687682435,0.0,255.0,110.26220614547903,47.873138687682435,224,224,60
data/processed/clips/295b4c4ff710acf0.npz,97.96058540603741,46.30102030412664,0.0,255.0,97.96058540603741,46.30102030412664,224,224,60
data/processed/clips/2b03222fee59b784.npz,116.50473267431973,47.14907337970948,0.0,255.0,116.50473267431973,47.14907337970948,224,224,60
data/processed/clips/db6f468d30cca146.npz,81.9226200441114,83.13294140085699,0.0,254.0,81.9226200441114,83.13294140085699,224,224,60
data/processed/clips/29ed049ce2583c5c.npz,64.51998565051021,68.39783680017408,0.0,255.0,64.51998565051021,68.39783680017408,224,224,60
data/processed/clips/20e53b4ee0953e7f.npz,123.82955862032313,36.425819842807186,0.0,255.0,123.82955862032313,36.425819842807186,224,224,60
data/processed/clips/950255859985dd49.npz,107.27016202965561,49.84902295511585,5.0,255.0,107.27016202965561,49.84902295511585,224,224,60
data/processed/clips/3185407abb8d5b2e.npz,111.73834602200255,47.97685254344931,0.0,255.0,111.73834602200255,47.97685254344931,224,224,60
data/processed/clips/af0bedb8a743ca88.npz,155.90585915355726,53.719109122759335,2.0,254.0,155.90585915355726,53.719109122759335,224,224,60
data/processed/clips/6f1707aaf36654a7.npz,105.00641309258079,38.99085331590123,5.0,255.0,105.00641309258079,38.99085331590123,224,224,60
data/processed/clips/b907fa3f20c66c7f.npz,84.07790676817602,84.55343202987707,0.0,255.0,84.07790676817602,84.55343202987707,224,224,60
data/processed/clips/512b5e4f42732f6b.npz,75.68107760682398,81.70827133386578,0.0,255.0,75.68107760682398,81.70827133386578,224,224,60
data/processed/clips/27dc85127f2e5ede.npz,108.46699528769841,50.15207666040246,3.0,251.0,108.46699528769841,50.15207666040246,224,224,60
data/processed/clips/d9aa927a7388edd0.npz,118.35932107869189,58.61819422845125,0.0,255.0,118.35932107869189,58.61819422845125,224,224,60
data/processed/clips/2464baaf631b8425.npz,64.8326483002055,63.49312925071386,0.0,255.0,64.8326483002055,63.49312925071386,224,224,60
data/processed/clips/caca03eabfc0499b.npz,107.27016202965561,49.84902295511585,5.0,255.0,107.27016202965561,49.84902295511585,224,224,60
data/processed/clips/538d074b4c444083.npz,114.0766770966199,36.04227922024014,0.0,239.0,114.0766770966199,36.04227922024014,224,224,60
data/processed/clips/de31224a7239e5e9.npz,73.70568919625141,84.24604282857943,0.0,255.0,73.70568919625141,84.24604282857943,224,224,60
data/processed/clips/adea756454170680.npz,77.78932490965136,83.82207640073847,0.0,255.0,77.78932490965136,83.82207640073847,224,224,60
data/processed/clips/b1f1dc8bd936497d.npz,80.64093358046344,83.67530055363066,0.0,255.0,80.64093358046344,83.67530055363066,224,224,60
data/processed/clips/9c76ff32f51f94ab.npz,106.1794071534864,37.44412879517711,0.0,255.0,106.1794071534864,37.44412879517711,224,224,60
data/processed/clips/9de9911e49b25eee.npz,125.03704493516156,71.37730580732588,0.0,255.0,125.03704493516156,71.37730580732588,224,224,60
data/processed/clips/41fcb772e82f55bf.npz,114.0766770966199,36.04227922024014,0.0,239.0,114.0766770966199,36.04227922024014,224,224,60
data/processed/clips/c93b45a25d84fd5d.npz,58.44582890447846,64.31707554455959,0.0,255.0,58.44582890447846,64.31707554455959,224,224,60
data/processed/clips/c2b1066b67c6d439.npz,81.06318171148668,83.10916364846695,0.0,254.0,81.06318171148668,83.10916364846695,224,224,60
data/processed/clips/fa73a9d3a630a2f6.npz,109.05013596584467,42.36740344343311,1.0,255.0,109.05013596584467,42.36740344343311,224,224,60
data/processed/clips/6f0dd340b191f0e4.npz,60.16082777512047,66.3622764281424,0.0,255.0,60.16082777512047,66.3622764281424,224,224,60
data/processed/clips/6c9275dd144e1be6.npz,120.78941758343963,49.36906453545757,0.0,255.0,120.78941758343963,49.36906453545757,224,224,60
data/processed/clips/08ccf43f24c9a313.npz,124.41462097859977,56.75026069786648,0.0,255.0,124.41462097859977,56.75026069786648,224,224,60
data/processed/clips/5e80218135619fd7.npz,78.62451869419642,81.30704506687553,0.0,255.0,78.62451869419642,81.30704506687553,224,224,60
data/processed/clips/2cefa945d02ab946.npz,73.30495987457483,81.44455010890464,0.0,255.0,73.30495987457483,81.44455010890464,224,224,60
data/processed/clips/2fb17ff7bc59f0b7.npz,108.11776679421769,67.39194800269358,1.0,255.0,108.11776679421769,67.39194800269358,224,224,60
data/processed/clips/3f5f67697cc8058c.npz,120.55694721247875,49.30944768514518,2.0,254.0,120.55694721247875,49.30944768514518,224,224,60
data/processed/clips/08d6a85b2d64ccca.npz,71.6027513153699,81.05220653682142,0.0,255.0,71.6027513153699,81.05220653682142,224,224,60
data/processed/clips/e43a13c49cc2d679.npz,121.04274597859977,55.3767408876494,0.0,255.0,121.04274597859977,55.3767408876494,224,224,60
data/processed/clips/59bf846b2878d54f.npz,112.46482880261479,73.05318965810255,0.0,255.0,112.46482880261479,73.05318965810255,224,224,60
data/processed/clips/464c34dabe6f7590.npz,102.8467431308461,38.92245640975048,16.0,255.0,102.8467431308461,38.92245640975048,224,224,60
data/processed/clips/62e091039a9aeec2.npz,90.13288026147958,57.61774657228667,0.0,255.0,90.13288026147958,57.61774657228667,224,224,60
data/processed/clips/b7f2eaab2240aaf3.npz,123.44996002958474,59.26445791337897,0.0,255.0,123.44996002958474,59.26445791337897,224,224,60
data/processed/clips/77c8e7cc85ada4de.npz,109.09622384761197,65.13634107558343,0.0,255.0,109.09622384761197,65.13634107558343,224,224,60
data/processed/clips/3128c6549dca5c07.npz,79.36188051392432,83.08116054828392,0.0,255.0,79.36188051392432,83.08116054828392,224,224,60
data/processed/clips/c50fba72bf4f7379.npz,105.2376622068098,56.986589490970545,0.0,254.0,105.2376622068098,56.986589490970545,224,224,60
data/processed/clips/e2896d1fee6aa922.npz,114.06445644664116,46.85656630728629,0.0,255.0,114.06445644664116,46.85656630728629,224,224,60
data/processed/clips/a52b6827c1de7360.npz,152.6190448510133,58.84652759739894,2.0,254.0,152.6190448510133,58.84652759739894,224,224,60
data/processed/clips/e0a4c48177951d35.npz,96.84194169855442,60.72593135233607,0.0,255.0,96.84194169855442,60.72593135233607,224,224,60
data/processed/clips/924663da4dee397f.npz,111.72698600924745,58.16437433307093,0.0,255.0,111.72698600924745,58.16437433307093,224,224,60
data/processed/clips/003b5f5e147bd729.npz,57.02793821304564,51.2114235343525,0.0,255.0,57.02793821304564,51.2114235343525,224,224,60
data/processed/clips/bec297c4d2b13ff1.npz,76.5958905762826,82.9686672824139,0.0,255.0,76.5958905762826,82.9686672824139,224,224,60
data/processed/clips/5db772d54493545a.npz,78.61821931246457,84.03472174796731,0.0,255.0,78.61821931246457,84.03472174796731,224,224,60
data/processed/clips/f395503b47e68934.npz,76.0002405975411,84.70463052439128,0.0,255.0,76.0002405975411,84.70463052439128,224,224,60
data/processed/clips/81e51e6507d9a2ec.npz,133.4148591402707,51.50628576924763,0.0,255.0,133.4148591402707,51.50628576924763,224,224,60
data/processed/clips/287ec37f333e170b.npz,68.67073855583901,80.54273997170324,0.0,255.0,68.67073855583901,80.54273997170324,224,224,60
data/processed/clips/49d046d1d16ece45.npz,86.14414040355726,83.5787451100444,0.0,255.0,86.14414040355726,83.5787451100444,224,224,60
data/processed/clips/62fe15fa90b73aa0.npz,145.17156608737244,61.35181232273026,0.0,255.0,145.17156608737244,61.35181232273026,224,224,60
data/processed/clips/6127c75daaa4b08f.npz,78.37350205055981,84.28169430541506,0.0,255.0,78.37350205055981,84.28169430541506,224,224,60
data/processed/clips/72d05cb9b742c25a.npz,67.53773461858702,41.31201767918031,0.0,255.0,67.53773461858702,41.31201767918031,224,224,60
data/processed/clips/56b21d22e0807412.npz,89.90483033056972,65.37758358001679,0.0,255.0,89.90483033056972,65.37758358001679,224,224,60
data/processed/clips/813a34024e3f69aa.npz,72.79360550860969,82.74467210158151,0.0,255.0,72.79360550860969,82.74467210158151,224,224,60
data/processed/clips/7150284063d2d3c8.npz,43.630516803075395,34.53426622965337,0.0,255.0,43.630516803075395,34.53426622965337,224,224,60
data/processed/clips/96a8a3faa7ebf793.npz,74.08248243959042,84.35043637922823,0.0,255.0,74.08248243959042,84.35043637922823,224,224,60
data/processed/clips/6d731a9d2fbbc6b7.npz,76.71300632883361,84.0254710586941,0.0,255.0,76.71300632883361,84.0254710586941,224,224,60
data/processed/clips/a26b776b2327031d.npz,104.93188675860969,40.09566737464429,0.0,255.0,104.93188675860969,40.09566737464429,224,224,60
data/processed/clips/342db21b4abd0c1a.npz,68.00935529159581,37.67024303656879,0.0,255.0,68.00935529159581,37.67024303656879,224,224,60
data/processed/clips/5af58e3119a4b2cf.npz,68.81665360154479,82.00013542423228,0.0,255.0,68.81665360154479,82.00013542423228,224,224,60
data/processed/clips/66ad3cbd4fe06fc4.npz,110.96246279761905,68.09129022444237,0.0,255.0,110.96246279761905,68.09129022444237,224,224,60
data/processed/clips/b139594923bc340d.npz,114.992249725411,45.633462957582545,0.0,255.0,114.992249725411,45.633462957582545,224,224,60
data/processed/clips/72bc8c41c5e64f14.npz,103.30474352501417,40.68423516806854,5.0,255.0,103.30474352501417,40.68423516806854,224,224,60
data/processed/clips/cf31b7b34ada0ded.npz,43.630516803075395,34.53426622965337,0.0,255.0,43.630516803075395,34.53426622965337,224,224,60
data/processed/clips/21db6bd72df7b999.npz,125.35155397445436,71.08303153755938,0.0,255.0,125.35155397445436,71.08303153755938,224,224,60
data/processed/clips/8ee0b8883b904f40.npz,108.60824608489229,50.183401011659605,4.0,255.0,108.60824608489229,50.183401011659605,224,224,60
data/processed/clips/fa0b377e7dd2fd27.npz,73.78183970202664,81.72272824779853,0.0,255.0,73.78183970202664,81.72272824779853,224,224,60
data/processed/clips/b71418ecf4228b98.npz,68.69172258095946,79.52628536608847,0.0,255.0,68.69172258095946,79.52628536608847,224,224,60
data/processed/clips/089b9a62d61dcb74.npz,102.15922519398384,71.55204751965233,0.0,255.0,102.15922519398384,71.55204751965233,224,224,60
data/processed/clips/93b5f8e08225c58a.npz,79.60100103192319,83.59396818345077,0.0,255.0,79.60100103192319,83.59396818345077,224,224,60
data/processed/clips/8486dc35f803ea44.npz,144.11015093537415,38.72064385436578,0.0,255.0,144.11015093537415,38.72064385436578,224,224,60
data/processed/clips/d550bcf9cf3947ef.npz,127.27083034385629,38.878376779174886,1.0,255.0,127.27083034385629,38.878376779174886,224,224,60
data/processed/clips/7761894000fb3901.npz,129.811412383964,32.75593292911647,0.0,255.0,129.811412383964,32.75593292911647,224,224,60
data/processed/clips/acc68d24c26de995.npz,112.12029268087443,27.271861873937382,5.0,255.0,112.12029268087443,27.271861873937382,224,224,60
data/processed/clips/a26969039fe356bc.npz,73.78872767857143,29.632406526382866,0.0,255.0,73.78872767857143,29.632406526382866,224,224,60
data/processed/clips/cd9d04b9f6499411.npz,122.98403519610969,72.8393403846574,0.0,255.0,122.98403519610969,72.8393403846574,224,224,60
data/processed/clips/a7adefa0aef1165e.npz,68.38391772073413,64.20285696177966,0.0,255.0,68.38391772073413,64.20285696177966,224,224,60
data/processed/clips/8f63e63b4da7ed89.npz,64.01256012170494,68.19957118142862,0.0,255.0,64.01256012170494,68.19957118142862,224,224,60
data/processed/clips/627d4ce81a213806.npz,77.92256855867348,83.81233463967615,0.0,255.0,77.92256855867348,83.81233463967615,224,224,60
data/processed/clips/e3b251df764873ef.npz,105.81885407808957,41.11184241637568,9.0,255.0,105.81885407808957,41.11184241637568,224,224,60
data/processed/clips/ee25f13fbeedf898.npz,80.66439809647818,30.46099349491543,1.0,255.0,80.66439809647818,30.46099349491543,224,224,60
data/processed/clips/c1a541287bbc6ddc.npz,90.4087296051233,31.406918309349397,2.0,253.0,90.4087296051233,31.406918309349397,224,224,60
data/processed/clips/e6b2670830827737.npz,82.97180325255103,29.394783491990715,18.0,255.0,82.97180325255103,29.394783491990715,224,224,60
data/processed/clips/be88477d8c5de245.npz,144.62940449617346,36.79922057434876,0.0,255.0,144.62940449617346,36.79922057434876,224,224,60
data/processed/clips/f16b9a1732d67df0.npz,143.29180883290817,55.67280074833474,0.0,255.0,143.29180883290817,55.67280074833474,224,224,60
data/processed/clips/56850b1b13b39676.npz,76.11063855229592,83.11449719505671,0.0,255.0,76.11063855229592,83.11449719505671,224,224,60
data/processed/clips/74351343f2e58a69.npz,83.88035836079223,84.45019961501336,0.0,255.0,83.88035836079223,84.45019961501336,224,224,60
data/processed/clips/5ad0179ab23e39c8.npz,120.51558447597789,56.339202757064434,0.0,255.0,120.51558447597789,56.339202757064434,224,224,60
